Taper_length,Waist_scale,Waist_len,Low_wavelength,High_wavelength,SC_range
0.14,0.3,0.025,1446.7495581777162,1643.4373934958967,196.68783531818053
