Taper_length,Waist_scale,Waist_len,Low_wavelength,High_wavelength,SC_range
0.14,0.3,0.025,1477.7715160500134,1610.333464090784,132.56194804077063
