Taper_length,Waist_scale,Waist_len,Low_wavelength,High_wavelength,SC_range
0.14,0.3,0.025,1331.1215915151997,1766.9364305323975,435.81483901719776
