Taper_length,Waist_scale,Waist_len,Low_wavelength,High_wavelength,SC_range
0.14,0.4,0.025,1175.1132130345209,1940.8070367047746,765.6938236702538
