Taper_length,Waist_scale,Waist_len,Low_wavelength,High_wavelength,SC_range
0.14,0.4,0.025,1440.4931315352355,1631.8083242124487,191.3151926772132
