Taper_length,Waist_scale,Waist_len,Low_wavelength,High_wavelength,SC_range
0.14,0.4,0.025,1099.4782221457883,2032.9331597409657,933.4549375951774
