Taper_length,Waist_scale,Waist_len,Low_wavelength,High_wavelength,SC_range
0.14,0.4,0.025,1141.1191106908764,1985.144712309407,844.0256016185306
