Taper_length,Waist_scale,Waist_len,Low_wavelength,High_wavelength,SC_range
0.05,0.4,0.025,1245.6167043257278,1846.4909357811998,600.874231455472
