Taper_length,Waist_scale,Waist_len,Low_wavelength,High_wavelength,SC_range
0.14,0.4,0.025,1068.3296363613026,2199.2150542740605,1130.885417912758
