Taper_length,Waist_scale,Waist_len,Low_wavelength,High_wavelength,SC_range
0.1,0.3,0.025,873.0939210656186,2199.2150542740605,1326.121133208442
