Taper_length,Waist_scale,Waist_len,Low_wavelength,High_wavelength,SC_range
0.08,0.36,0.025,521.724852262913,2199.2150542740605,1677.4902020111476
