Taper_length,Waist_scale,Waist_len,Low_wavelength,High_wavelength,SC_range
0.14,0.4,0.025,1071.84365322514,2299.7637594837774,1227.9201062586374
